Rank,Player,MP,PTS,TRB,AST,STL,BLK,FG%,3P%,FT%,WS,WS/48
1,Joel Embiid,34.6,33.1,10.2,4.2,1,1.7,0.548,0.33,0.857,12.3,0.259
2,Nikola Jokic,33.7,24.5,11.8,9.8,1.3,0.7,0.632,0.383,0.822,14.9,0.308
3,Giannis Antetokounmpo,32.1,31.1,11.8,5.7,0.8,0.8,0.553,0.275,0.645,8.6,0.204
4,Jayson Tatum,36.9,30.1,8.8,4.6,1.1,0.7,0.466,0.35,0.854,10.5,0.185
5,Shai Gilgeous-Alexander,35.5,31.4,4.8,5.5,1.6,1,0.51,0.345,0.905,11.4,0.226
6,Donovan Mitchell,35.8,28.3,4.3,4.4,1.5,0.4,0.484,0.386,0.867,8.9,0.176
7,Domantas Sabonis,34.6,19.1,12.3,7.3,0.8,0.5,0.615,0.373,0.742,12.6,0.221
8,Luka Doncic,36.2,32.4,8.6,8,1.4,0.5,0.496,0.342,0.742,10.2,0.204
9,Stephen Curry,34.7,29.4,6.1,6.3,0.9,0.4,0.493,0.427,0.915,7.8,0.192
10,Jimmy Butler,33.4,22.9,5.9,5.3,1.8,0.3,0.539,0.35,0.85,12.3,0.277
11,De'Aaron Fox,33.4,25,4.2,6.1,1.1,0.3,0.512,0.324,0.78,7.4,0.146
12,Jalen Brunson,35,24,3.5,6.2,0.9,0.2,0.491,0.416,0.829,8.7,0.175
12,Ja Morant,31.9,26.2,5.9,8.1,1.1,0.3,0.466,0.307,0.748,6,0.148
1,Nikola Jokic,33.5,27.1,13.8,7.9,1.5,0.9,0.583,0.337,0.81,15.2,0.296
2,Joel Embiid,33.8,30.6,11.7,4.2,1.1,1.5,0.499,0.371,0.814,12,0.252
3,Giannis Antetokounmpo,32.9,29.9,11.6,5.8,1.1,1.4,0.553,0.293,0.722,12.9,0.281
4,Devin Booker,34.5,26.8,5,4.8,1.1,0.4,0.466,0.383,0.868,7.6,0.156
5,Luka Doncic,35.4,28.4,9.1,8.7,1.2,0.6,0.457,0.353,0.744,7.6,0.159
6,Jayson Tatum,35.9,26.9,8,4.4,1,0.6,0.453,0.353,0.853,9.6,0.169
7,Ja Morant,33.1,27.4,5.7,6.7,1.2,0.4,0.493,0.344,0.761,6.7,0.171
8,Stephen Curry,34.5,25.5,5.2,6.3,1.3,0.4,0.437,0.38,0.923,8,0.173
9,Chris Paul,32.9,14.7,4.4,10.8,1.9,0.3,0.493,0.317,0.837,9.4,0.21
10,DeMar DeRozan,36.1,27.9,5.2,4.9,0.9,0.3,0.504,0.352,0.877,8.8,0.154
10,Kevin Durant,37.2,29.9,7.4,6.4,0.9,0.9,0.518,0.383,0.91,8.4,0.198
10,LeBron James,37.2,30.3,8.2,6.2,1.3,1.1,0.524,0.359,0.756,7.5,0.172
1,Nikola Jokic,34.6,26.4,10.8,8.3,1.3,0.7,0.566,0.388,0.868,15.6,0.301
2,Joel Embiid,31.1,28.5,10.6,2.8,1,1.4,0.513,0.377,0.859,8.8,0.266
3,Stephen Curry,34.2,32,5.5,5.8,1.2,0.1,0.482,0.421,0.916,9,0.201
4,Giannis Antetokounmpo,33,28.1,11,5.9,1.2,1.2,0.569,0.303,0.685,10.2,0.244
5,Chris Paul,31.4,16.4,4.5,8.9,1.4,0.3,0.499,0.395,0.934,9.2,0.201
6,Luka Doncic,34.3,27.7,8,8.6,1,0.5,0.479,0.35,0.73,7.7,0.163
7,Damian Lillard,35.8,28.8,4.2,7.5,0.9,0.3,0.451,0.391,0.928,10.4,0.209
8,Julius Randle,37.6,24.1,10.2,6,0.9,0.3,0.456,0.411,0.811,7.8,0.14
9,Derrick Rose,25.6,14.7,2.6,4.2,1,0.4,0.47,0.388,0.866,3.1,0.118
10,Rudy Gobert,30.8,14.3,13.5,1.3,0.6,2.7,0.675,0,0.623,11.3,0.248
11,Russell Westbrook,36.4,22.2,11.5,11.7,1.4,0.4,0.439,0.315,0.656,3.7,0.075
12,Ben Simmons,32.4,14.3,7.2,6.9,1.6,0.6,0.557,0.3,0.613,6,0.153
13,James Harden,36.6,24.6,7.9,10.8,1.2,0.8,0.466,0.362,0.861,7,0.208
13,LeBron James,33.4,25,7.7,7.8,1.1,0.6,0.513,0.365,0.698,5.6,0.179
13,Kawhi Leonard,34.1,24.8,6.5,5.2,1.6,0.4,0.512,0.398,0.885,8.8,0.238
1,Giannis Antetokounmpo,30.4,29.5,13.6,5.6,1,1,0.553,0.304,0.633,11.1,0.279
2,LeBron James,34.6,25.3,7.8,10.2,1.2,0.5,0.493,0.348,0.693,9.8,0.204
3,James Harden,36.5,34.3,6.6,7.5,1.8,0.9,0.444,0.355,0.865,13.1,0.254
4,Luka Doncic,33.6,28.8,9.4,8.8,1,0.2,0.463,0.316,0.758,8.8,0.207
5,Kawhi Leonard,32.4,27.1,7.1,4.9,1.8,0.6,0.47,0.378,0.886,8.7,0.226
6,Anthony Davis,34.4,26.1,9.3,3.2,1.5,2.3,0.503,0.33,0.846,11.1,0.25
7,Chris Paul,31.5,17.6,5,6.7,1.6,0.2,0.489,0.365,0.907,8.9,0.193
8,Damian Lillard,37.5,30,4.3,8,1.1,0.3,0.463,0.401,0.888,11.6,0.225
9,Nikola Jokic,32,19.9,9.7,7,1.2,0.6,0.528,0.314,0.817,9.8,0.202
10,Pascal Siakam,35.2,22.9,7.3,3.5,1,0.9,0.453,0.359,0.792,5.4,0.123
11,Jimmy Butler,33.8,19.9,6.7,6,1.8,0.6,0.455,0.244,0.834,9,0.221
12,Jayson Tatum,34.3,23.4,7,3,1.4,0.9,0.45,0.403,0.812,6.9,0.146
1,Giannis Antetokounmpo,32.8,27.7,12.5,5.9,1.3,1.5,0.578,0.256,0.729,14.4,0.292
2,James Harden,36.8,36.1,6.6,7.5,2,0.7,0.442,0.368,0.879,15.2,0.254
3,Paul George,36.9,28,8.2,4.1,2.2,0.4,0.438,0.386,0.839,11.9,0.201
4,Nikola Jokic,31.3,20.1,10.8,7.3,1.4,0.7,0.511,0.307,0.821,11.8,0.226
5,Stephen Curry,33.8,27.3,5.3,5.2,1.3,0.4,0.472,0.437,0.916,9.7,0.199
6,Damian Lillard,35.5,25.8,4.6,6.9,1.1,0.4,0.444,0.369,0.912,12.1,0.205
7,Joel Embiid,33.7,27.5,13.6,3.7,0.7,1.9,0.484,0.3,0.804,8.7,0.194
8,Kevin Durant,34.6,26,6.4,5.9,0.7,1.1,0.521,0.353,0.885,11.5,0.204
9,Kawhi Leonard,34,26.6,7.3,3.3,1.8,0.4,0.496,0.371,0.854,9.5,0.224
10,Russell Westbrook,36,22.9,11.1,10.7,1.9,0.5,0.428,0.29,0.656,6.8,0.124
11,Rudy Gobert,31.8,15.9,12.9,2,0.8,2.3,0.669,,0.636,14.4,0.268
11,LeBron James,35.2,27.4,8.5,8.3,1.3,0.6,0.51,0.339,0.665,7.2,0.179
1,James Harden,35.4,30.4,5.4,8.8,1.8,0.7,0.449,0.367,0.858,15.4,0.289
2,LeBron James,36.9,27.5,8.6,9.1,1.4,0.9,0.542,0.367,0.731,14,0.221
3,Anthony Davis,36.4,28.1,11.1,2.3,1.5,2.6,0.534,0.34,0.828,13.7,0.241
4,Damian Lillard,36.6,26.9,4.5,6.6,1.1,0.4,0.439,0.361,0.916,12.6,0.227
5,Russell Westbrook,36.4,25.4,10.1,10.3,1.8,0.3,0.449,0.298,0.737,10.1,0.166
6,Giannis Antetokounmpo,36.7,26.9,10,4.8,1.5,1.4,0.529,0.307,0.76,11.9,0.207
7,Kevin Durant,34.2,26.4,6.8,5.4,0.7,1.8,0.516,0.419,0.889,10.4,0.215
8,DeMar DeRozan,33.9,23,3.9,5.2,1.1,0.3,0.456,0.31,0.825,9.6,0.17
9,LaMarcus Aldridge,33.5,23.1,8.5,2,0.6,1.2,0.51,0.293,0.837,10.9,0.209
10,Jimmy Butler,36.7,22.2,5.3,4.9,2,0.4,0.474,0.35,0.854,8.9,0.198
10,Stephen Curry,32,26.4,5.1,6.1,1.6,0.2,0.495,0.423,0.921,9.1,0.267
12,Joel Embiid,30.3,22.9,11,3.2,0.6,1.8,0.483,0.308,0.769,6.2,0.155
13,Victor Oladipo,34,23.1,5.2,4.3,2.4,0.8,0.477,0.371,0.799,8.2,0.155
1,Russell Westbrook,34.6,31.6,10.7,10.4,1.6,0.4,0.425,0.343,0.845,13.1,0.224
2,James Harden,36.4,29.1,8.1,11.2,1.5,0.5,0.44,0.347,0.847,15,0.245
3,Kawhi Leonard,33.4,25.5,5.8,3.5,1.8,0.7,0.485,0.38,0.88,13.6,0.264
4,LeBron James,37.8,26.4,8.6,8.7,1.2,0.6,0.548,0.363,0.674,12.9,0.221
5,Isaiah Thomas,33.8,28.9,2.7,5.9,0.9,0.2,0.463,0.379,0.909,12.5,0.234
6,Stephen Curry,33.4,25.3,4.5,6.6,1.8,0.2,0.468,0.411,0.898,12.6,0.229
7,Giannis Antetokounmpo,35.6,22.9,8.8,5.4,1.6,1.9,0.521,0.272,0.77,12.4,0.21
7,John Wall,36.4,23.1,4.2,10.7,2,0.6,0.451,0.327,0.801,8.8,0.149
9,Anthony Davis,36.1,28,11.8,2.1,1.3,2.2,0.505,0.299,0.802,11,0.195
9,Kevin Durant,33.4,25.1,8.3,4.8,1.1,1.6,0.537,0.375,0.875,12,0.278
11,DeMar DeRozan,35.4,27.3,5.2,3.9,1.1,0.2,0.467,0.266,0.842,9,0.166
1,Stephen Curry,34.2,30.1,5.4,6.7,2.1,0.2,0.504,0.454,0.908,17.9,0.318
2,Kawhi Leonard,33.1,21.2,6.8,2.6,1.8,1,0.506,0.443,0.874,13.7,0.277
3,LeBron James,35.6,25.3,7.4,6.8,1.4,0.6,0.52,0.309,0.731,13.6,0.242
4,Russell Westbrook,34.4,23.5,7.8,10.4,2,0.3,0.454,0.296,0.812,14,0.245
5,Kevin Durant,35.8,28.2,8.2,5,1,1.2,0.505,0.387,0.898,14.5,0.27
6,Chris Paul,32.7,19.5,4.2,10,2.1,0.2,0.462,0.371,0.896,12.7,0.253
7,Draymond Green,34.7,14,9.5,7.4,1.5,1.4,0.49,0.388,0.696,11.1,0.19
8,Damian Lillard,35.7,25.1,4,6.8,0.9,0.4,0.419,0.375,0.892,9.2,0.165
9,James Harden,38.1,29,6.1,7.5,1.7,0.6,0.439,0.359,0.86,13.3,0.204
10,Kyle Lowry,37,21.2,4.7,6.4,2.1,0.4,0.427,0.388,0.811,11.6,0.196
1,Stephen Curry,32.7,23.8,4.3,7.7,2,0.2,0.487,0.443,0.914,15.7,0.288
2,James Harden,36.8,27.4,5.7,7,1.9,0.7,0.44,0.375,0.868,16.4,0.265
3,LeBron James,36.1,25.3,6,7.4,1.6,0.7,0.488,0.354,0.71,10.4,0.199
4,Russell Westbrook,34.4,28.1,7.3,8.6,2.1,0.2,0.426,0.299,0.835,10.6,0.222
5,Anthony Davis,36.1,24.4,10.2,2.2,1.5,2.9,0.535,0.083,0.805,14,0.274
6,Chris Paul,34.8,19.1,4.6,10.2,1.9,0.2,0.485,0.398,0.9,16.1,0.27
7,LaMarcus Aldridge,35.4,23.4,10.2,1.7,0.7,1,0.466,0.352,0.845,8.6,0.165
8,Marc Gasol,33.2,17.4,7.8,3.8,0.9,1.6,0.494,0.176,0.795,10.2,0.182
8,Blake Griffin,35.2,21.9,7.6,5.3,0.9,0.5,0.502,0.4,0.728,9,0.183
10,Tim Duncan,28.9,13.9,9.1,3,0.8,2,0.512,0.286,0.74,9.6,0.207
10,Kawhi Leonard,31.8,16.5,7.2,2.5,2.3,0.8,0.479,0.349,0.802,8.6,0.204
10,Klay Thompson,31.9,21.7,3.2,2.9,1.1,0.8,0.463,0.439,0.879,8.8,0.172
1,Kevin Durant,38.5,32,7.4,5.5,1.3,0.7,0.503,0.391,0.873,19.2,0.295
2,LeBron James,37.7,27.1,6.9,6.3,1.6,0.3,0.567,0.379,0.75,15.9,0.264
3,Blake Griffin,35.8,24.1,9.5,3.9,1.2,0.6,0.528,0.273,0.715,12.2,0.205
4,Joakim Noah,35.3,12.6,11.3,5.4,1.2,1.5,0.475,0,0.737,11.2,0.19
5,James Harden,38,25.4,4.7,6.1,1.6,0.4,0.456,0.366,0.866,12.8,0.221
6,Stephen Curry,36.5,24,4.3,8.5,1.6,0.2,0.471,0.424,0.885,13.4,0.225
7,Chris Paul,35,19.1,4.3,10.7,2.5,0.1,0.467,0.368,0.855,12.2,0.27
8,Al Jefferson,35,21.8,10.8,2.1,0.9,1.1,0.509,0.2,0.69,7.8,0.146
9,Paul George,36.2,21.7,6.8,3.5,1.9,0.3,0.424,0.364,0.864,10.8,0.178
10,LaMarcus Aldridge,36.2,23.2,11.1,2.6,0.9,1,0.458,0.2,0.822,7.5,0.144
11,Kevin Love,36.3,26.1,12.5,4.4,0.8,0.5,0.457,0.376,0.821,14.3,0.245
12,Tim Duncan,29.2,15.1,9.7,3,0.6,1.9,0.49,0,0.731,7.4,0.164
12,Tony Parker,29.4,16.7,2.3,5.7,0.5,0.1,0.499,0.373,0.811,5.9,0.141
14,Dirk Nowitzki,32.9,21.7,6.2,2.7,0.9,0.6,0.497,0.398,0.899,10.9,0.199
15,Carmelo Anthony,38.7,27.4,8.1,3.1,1.2,0.7,0.452,0.402,0.848,10.7,0.172
16,Goran Dragic,35.1,20.3,3.2,5.9,1.4,0.3,0.505,0.408,0.76,10.3,0.186
17,Mike Conley,33.5,17.2,2.9,6,1.5,0.2,0.45,0.361,0.815,8.2,0.161
1,LeBron James,37.9,26.8,8,7.3,1.7,0.9,0.565,0.406,0.753,19.3,0.322
2,Kevin Durant,38.5,28.1,7.9,4.6,1.4,1.3,0.51,0.416,0.905,18.9,0.291
3,Carmelo Anthony,37,28.7,6.9,2.6,0.8,0.5,0.449,0.379,0.83,9.5,0.184
4,Chris Paul,33.4,16.9,3.7,9.7,2.4,0.1,0.481,0.328,0.885,13.9,0.287
5,Kobe Bryant,38.6,27.3,5.6,6,1.4,0.3,0.463,0.324,0.839,10.9,0.174
6,Tony Parker,32.9,20.3,3,7.6,0.8,0.1,0.522,0.353,0.845,9.3,0.206
7,Tim Duncan,30.1,17.8,9.9,2.7,0.7,2.7,0.502,0.286,0.817,8.3,0.191
8,James Harden,38.3,25.9,4.9,5.8,1.8,0.5,0.438,0.368,0.851,12.8,0.206
9,Russell Westbrook,34.9,23.2,5.2,7.4,1.8,0.3,0.438,0.323,0.8,11.6,0.195
10,Dwyane Wade,34.7,21.2,5,5.1,1.9,0.8,0.521,0.258,0.725,9.6,0.192
11,Stephen Curry,38.2,22.9,4,6.9,1.6,0.2,0.451,0.453,0.9,11.2,0.18
12,Kevin Garnett,29.7,14.8,7.8,2.3,1.1,0.9,0.496,0.125,0.786,5.6,0.133
12,Marc Gasol,35,14.1,7.8,4,1,1.7,0.494,0.071,0.848,11.5,0.197
12,Ty Lawson,34.4,16.7,2.7,6.9,1.5,0.1,0.461,0.366,0.756,7.4,0.141
12,David Lee,36.8,18.5,11.2,3.5,0.8,0.3,0.519,0,0.797,9.1,0.15
12,Joakim Noah,36.8,11.9,11.1,4,1.2,2.1,0.481,0,0.751,7.3,0.145
1,LeBron James,37.5,27.1,7.9,6.2,1.9,0.8,0.531,0.362,0.771,14.5,0.298
2,Kevin Durant,38.6,28,8,3.5,1.3,1.2,0.496,0.387,0.86,12.2,0.23
3,Chris Paul,36.4,19.8,3.6,9.1,2.5,0.1,0.478,0.371,0.861,12.7,0.278
4,Kobe Bryant,38.5,27.9,5.4,4.6,1.2,0.3,0.43,0.303,0.845,6.2,0.132
5,Tony Parker,32.1,18.3,2.9,7.7,1,0.1,0.48,0.23,0.799,7.1,0.177
6,Kevin Love,39,26,13.3,2,0.9,0.5,0.448,0.372,0.824,10,0.223
7,Dwight Howard,38.3,20.6,14.5,1.9,1.5,2.1,0.573,0,0.491,7.7,0.179
8,Rajon Rondo,36.9,11.9,4.8,11.7,1.8,0.1,0.448,0.238,0.597,4.9,0.121
9,Steve Nash,31.6,12.5,3,10.7,0.6,0.1,0.532,0.39,0.894,5.9,0.144
10,Dwyane Wade,33.2,22.1,4.8,4.6,1.7,1.3,0.497,0.268,0.791,7.7,0.227
11,Derrick Rose,35.3,21.8,3.4,7.9,0.9,0.7,0.435,0.312,0.812,6,0.211
12,Dirk Nowitzki,33.5,21.6,6.7,2.2,0.7,0.5,0.457,0.368,0.896,7.6,0.175
12,Russell Westbrook,35.3,23.6,4.6,5.5,1.7,0.3,0.457,0.316,0.823,7.9,0.163
14,Tim Duncan,28.2,15.4,9,2.3,0.7,1.5,0.492,0,0.695,5.9,0.174
15,Joe Johnson,35.5,18.8,3.7,3.9,0.8,0.2,0.454,0.388,0.849,6.4,0.145
1,Derrick Rose,37.4,25,4.1,7.7,1,0.6,0.445,0.332,0.858,13.1,0.208
2,Dwight Howard,37.6,22.9,14.1,1.4,1.4,2.4,0.593,0,0.596,14.4,0.235
3,LeBron James,38.8,26.7,7.5,7,1.6,0.6,0.51,0.33,0.759,15.6,0.244
4,Kobe Bryant,33.9,25.3,5.1,4.7,1.2,0.1,0.451,0.323,0.828,10.3,0.178
5,Kevin Durant,38.9,27.7,6.8,2.7,1.1,1,0.462,0.35,0.88,12,0.189
6,Dirk Nowitzki,34.3,23,7,2.6,0.5,0.6,0.517,0.393,0.892,11.1,0.213
7,Dwyane Wade,37.1,25.5,6.4,4.6,1.5,1.1,0.5,0.306,0.758,12.8,0.218
8,Manu Ginobili,30.3,17.4,3.7,4.9,1.5,0.4,0.433,0.349,0.871,9.9,0.195
9,Amare Stoudemire,36.8,25.3,8.2,2.6,0.9,1.9,0.502,0.435,0.792,8,0.134
10,Blake Griffin,38,22.5,12.1,3.8,0.8,0.5,0.506,0.292,0.642,9.8,0.152
10,Rajon Rondo,37.2,10.6,4.4,11.2,2.3,0.2,0.475,0.233,0.568,6.6,0.126
12,Tony Parker,32.4,17.5,3.1,6.6,1.2,0,0.519,0.357,0.769,8.2,0.156
13,Chris Paul,36,15.9,4.1,9.8,2.4,0.1,0.463,0.388,0.878,13.9,0.232
1,LeBron James,39,29.7,7.3,8.6,1.6,1,0.503,0.333,0.767,18.5,0.299
2,Kevin Durant,39.5,30.1,7.6,2.8,1.4,1,0.476,0.365,0.9,16.1,0.238
3,Kobe Bryant,38.8,27,5.4,5,1.5,0.3,0.456,0.329,0.811,9.4,0.16
4,Dwight Howard,34.7,18.3,13.2,1.8,0.9,2.8,0.612,0,0.592,13.2,0.223
5,Dwyane Wade,36.3,26.6,4.8,6.5,1.8,1.1,0.476,0.3,0.761,13,0.224
6,Carmelo Anthony,38.2,28.2,6.6,3.2,1.3,0.4,0.458,0.316,0.83,7.9,0.145
7,Dirk Nowitzki,37.5,25,7.7,2.7,0.9,1,0.481,0.421,0.915,12.3,0.194
8,Steve Nash,32.8,16.5,3.3,11,0.5,0.1,0.507,0.426,0.938,9.9,0.178
9,Deron Williams,36.9,18.7,4,10.5,1.3,0.2,0.469,0.371,0.801,10.3,0.177
10,Amare Stoudemire,34.6,23.1,8.9,1,0.6,1,0.557,0.167,0.771,10.7,0.181
11,Manu Ginobili,28.7,16.5,3.8,4.9,1.4,0.3,0.441,0.377,0.87,9.7,0.216
12,Chauncey Billups,34.1,19.5,3.1,5.6,1.1,0.1,0.418,0.386,0.91,9.5,0.182
12,Chris Bosh,36.1,24,10.8,2.4,0.6,1,0.518,0.364,0.797,9.6,0.182
12,Stephen Jackson,38.6,20.6,5,3.7,1.6,0.5,0.423,0.328,0.779,5,0.077
12,Joe Johnson,38,21.3,4.6,4.9,1.1,0.1,0.458,0.369,0.818,8.4,0.14
1,LeBron James,37.7,28.4,7.6,7.2,1.7,1.1,0.489,0.344,0.78,20.3,0.318
2,Kobe Bryant,36.1,26.8,5.2,4.9,1.5,0.5,0.467,0.351,0.856,12.7,0.206
3,Dwyane Wade,38.6,30.2,5,7.5,2.2,1.3,0.491,0.317,0.765,14.7,0.232
4,Dwight Howard,35.7,20.6,13.8,1.4,1,2.9,0.572,0,0.594,13.8,0.234
5,Chris Paul,38.5,22.8,5.5,11,2.8,0.1,0.503,0.364,0.868,18.3,0.292
6,Chauncey Billups,35.3,17.7,3,6.4,1.2,0.2,0.418,0.408,0.913,10.1,0.174
7,Paul Pierce,37.5,20.5,5.6,3.6,1,0.3,0.457,0.391,0.83,10.3,0.164
8,Tony Parker,34.1,22,3.1,6.9,0.9,0.1,0.506,0.292,0.782,8.6,0.168
9,Brandon Roy,37.2,22.6,4.7,5.1,1.1,0.3,0.48,0.377,0.824,13.5,0.223
10,Dirk Nowitzki,37.7,25.9,8.4,2.4,0.8,0.8,0.479,0.359,0.89,10.9,0.171
11,Tim Duncan,33.7,19.3,10.7,3.5,0.5,1.7,0.504,0,0.692,10.1,0.191
12,Yao Ming,33.6,19.7,9.9,1.8,0.4,1.9,0.548,1,0.866,10.6,0.196
1,Kobe Bryant,38.9,28.3,6.3,5.4,1.8,0.5,0.459,0.361,0.84,13.8,0.208
2,Chris Paul,37.6,21.1,4,11.6,2.7,0.1,0.488,0.369,0.851,17.8,0.284
3,Kevin Garnett,32.8,18.8,9.2,3.4,1.4,1.3,0.539,0,0.801,12.9,0.265
4,LeBron James,40.4,30,7.9,7.2,1.8,1.1,0.484,0.315,0.712,15.2,0.242
5,Dwight Howard,37.7,20.7,14.2,1.3,0.9,2.1,0.599,0,0.59,12.9,0.2
6,Amar'e Stoudemire,33.9,25.2,9.1,1.5,0.8,2.1,0.59,0.161,0.805,14.6,0.262
7,Tim Duncan,34,19.3,11.3,2.8,0.7,1.9,0.497,0,0.73,11.1,0.201
8,Tracy McGrady,37,21.6,5.1,5.9,1,0.5,0.419,0.292,0.684,5.8,0.115
9,Steve Nash,34.3,16.9,3.5,11.1,0.7,0.1,0.504,0.47,0.906,10.5,0.181
10,Manu Ginobili,31.1,19.5,4.8,4.5,1.5,0.4,0.46,0.401,0.86,11.1,0.232
11,Dirk Nowitzki,36,23.6,8.6,3.5,0.7,0.9,0.479,0.359,0.879,12.9,0.223
12,Deron Williams,37.3,18.8,3,10.5,1.1,0.3,0.507,0.395,0.803,11.3,0.177
13,Carmelo Anthony,36.4,25.7,7.4,3.4,1.3,0.5,0.492,0.354,0.786,8.2,0.14
14,Carlos Boozer,34.9,21.1,10.4,2.9,1.2,0.5,0.547,0,0.738,10.2,0.173
14,Antawn Jamison,38.7,21.4,10.2,1.5,1.3,0.4,0.436,0.339,0.76,9.2,0.144
14,Paul Pierce,35.9,19.6,5.1,4.5,1.3,0.5,0.464,0.392,0.843,12.4,0.207
14,Rasheed Wallace,30.5,12.7,6.6,1.8,1.2,1.7,0.432,0.356,0.767,7.6,0.155
1,Dirk Nowitzki,36.2,24.6,8.9,3.4,0.7,0.8,0.502,0.416,0.904,16.3,0.278
2,Steve Nash,35.3,18.6,3.5,11.6,0.8,0.1,0.532,0.455,0.899,12.6,0.225
3,Kobe Bryant,40.8,31.6,5.7,5.4,1.4,0.5,0.463,0.344,0.868,13,0.199
4,Tim Duncan,34.1,20,10.6,3.4,0.8,2.4,0.546,0.111,0.637,13,0.23
5,LeBron James,40.9,27.3,6.7,6,1.6,0.7,0.476,0.319,0.698,13.7,0.206
6,Tracy McGrady,35.8,24.6,5.3,6.5,1.3,0.5,0.431,0.331,0.707,8.6,0.163
7,Chris Bosh,38.5,22.6,10.7,2.5,0.6,1.3,0.496,0.343,0.785,9.6,0.174
8,Gilbert Arenas,39.8,28.4,4.6,6,1.9,0.2,0.418,0.351,0.844,10.8,0.177
9,Carlos Boozer,34.6,20.9,11.7,3,0.9,0.3,0.561,,0.685,9.9,0.185
9,Kevin Garnett,39.4,22.4,12.8,4.1,1.2,1.7,0.476,0.214,0.835,10.7,0.171
11,Chauncey Billups,36.2,17,3.4,7.2,1.2,0.2,0.427,0.345,0.883,11.4,0.216
12,Shaquille O'Neal,28.4,17.3,7.4,2,0.2,1.4,0.591,,0.422,2.8,0.119
12,Dwyane Wade,37.9,27.4,4.7,7.5,2.1,1.2,0.491,0.266,0.807,8.8,0.219
14,Amar'e Stoudemire,32.8,20.4,9.6,1,1,1.3,0.575,0,0.781,11.2,0.201
15,Carmelo Anthony,38.2,28.9,6,3.8,1.2,0.4,0.476,0.268,0.808,7.3,0.14
15,Baron Davis,35.3,20.1,4.4,8.1,2.1,0.5,0.439,0.304,0.745,6.4,0.139
15,Tony Parker,32.5,18.6,3.2,5.5,1.1,0.1,0.52,0.395,0.783,9.6,0.185
1,Steve Nash,35.4,18.8,4.2,10.5,0.8,0.2,0.512,0.439,0.921,12.4,0.212
2,LeBron James,42.5,31.4,7,6.6,1.6,0.8,0.48,0.335,0.738,16.3,0.232
3,Dirk Nowitzki,38.1,26.6,9,2.8,0.7,1,0.48,0.406,0.901,17.7,0.275
4,Kobe Bryant,41,35.4,5.3,4.5,1.8,0.4,0.45,0.347,0.85,15.3,0.224
5,Chauncey Billups,36.1,18.5,3.1,8.6,0.9,0.1,0.418,0.433,0.894,15.5,0.254
6,Dwyane Wade,38.6,27.2,5.7,6.7,1.9,0.8,0.495,0.171,0.783,14.4,0.239
7,Elton Brand,39.2,24.7,10,2.6,1,2.5,0.527,0.333,0.775,14.8,0.229
8,Tim Duncan,34.8,18.6,11,3.2,0.9,2,0.484,0.4,0.629,10.8,0.187
9,Tony Parker,33.9,18.9,3.3,5.8,1,0.1,0.548,0.306,0.707,9.6,0.169
10,Allen Iverson,43.1,33,3.2,7.4,1.9,0.1,0.447,0.323,0.814,10.6,0.165
10,Shawn Marion,40.3,21.8,11.8,1.8,2,1.7,0.525,0.331,0.809,14.6,0.214
1,Steve Nash,34.3,15.5,3.3,11.5,1,0.1,0.502,0.431,0.887,10.9,0.203
2,Shaquille O'Neal,34.1,22.9,10.4,2.7,0.5,2.3,0.601,,0.461,11,0.211
3,Dirk Nowitzki,38.7,26.1,9.7,3.1,1.2,1.5,0.459,0.399,0.869,15.6,0.248
4,Tim Duncan,33.4,20.3,11.1,2.7,0.7,2.6,0.496,0.333,0.67,11.2,0.245
5,Allen Iverson,42.3,30.7,4,7.9,2.4,0.1,0.424,0.308,0.835,9,0.136
6,LeBron James,42.4,27.2,7.4,7.2,2.2,0.7,0.472,0.351,0.75,14.3,0.203
7,Tracy McGrady,40.8,25.7,6.2,5.7,1.7,0.7,0.431,0.326,0.774,12,0.18
8,Dwyane Wade,38.6,24.1,5.2,6.8,1.6,1.1,0.478,0.289,0.762,11,0.177
9,Amar'e Stoudemire,36.1,26,8.9,1.6,1,1.6,0.559,0.188,0.733,14.6,0.243
9,Ray Allen,39.3,23.9,4.4,3.7,1.1,0.1,0.428,0.376,0.883,10.7,0.168
11,Kevin Garnett,38.1,22.2,13.5,5.7,1.5,1.4,0.502,0.24,0.811,16.1,0.248
1,Kevin Garnett,39.4,24.2,13.9,5,1.5,2.2,0.499,0.256,0.791,18.3,0.272
2,Tim Duncan,36.6,22.3,12.4,3.1,0.9,2.7,0.501,0.167,0.599,13.1,0.249
3,Jermaine O'Neal,35.7,20.1,10,2.1,0.8,2.6,0.434,0.111,0.757,9,0.155
4,Peja Stojakovic,40.3,24.2,6.3,2.1,1.3,0.2,0.48,0.433,0.927,13.5,0.198
5,Kobe Bryant,37.6,24,5.5,5.1,1.7,0.4,0.438,0.327,0.852,10.7,0.21
6,Shaquille O'Neal,36.8,21.5,11.5,2.9,0.5,2.5,0.584,,0.49,9.9,0.192
7,Ben Wallace,37.7,9.5,12.4,1.7,1.8,3,0.421,0.125,0.49,10.2,0.16
8,Jason Kidd,36.6,15.5,6.4,9.2,1.8,0.2,0.384,0.321,0.827,7.2,0.141
9,LeBron James,39.5,20.9,5.5,5.9,1.6,0.7,0.417,0.29,0.754,5.1,0.078
10,Sam Cassell,35,19.8,3.3,7.3,1.3,0.2,0.488,0.398,0.873,12.1,0.205
10,Baron Davis,40.1,22.9,4.3,7.5,2.4,0.4,0.395,0.321,0.673,7.5,0.133
10,Dirk Nowitzki,37.9,21.8,8.7,2.7,1.2,1.4,0.462,0.341,0.877,11.5,0.19
13,Andrei Kirilenko,37.1,16.5,8.1,3.1,1.9,2.8,0.443,0.338,0.79,11.6,0.192
1,Tim Duncan,39.3,23.3,12.9,3.9,0.7,2.9,0.513,0.273,0.71,16.5,0.248
2,Kevin Garnett,40.5,23,13.4,6,1.4,1.6,0.502,0.282,0.751,15.6,0.225
3,Kobe Bryant,41.5,30,6.9,5.9,2.2,0.8,0.451,0.383,0.843,14.9,0.21
4,Tracy McGrady,39.4,32.1,6.5,5.5,1.7,0.8,0.457,0.386,0.793,16.1,0.262
5,Shaquille O'Neal,37.8,27.5,11.1,3.1,0.6,2.4,0.574,,0.622,13.2,0.25
6,Allen Iverson,42.5,27.6,4.2,5.5,2.7,0.2,0.414,0.277,0.774,9.2,0.127
7,Dirk Nowitzki,39,25.1,9.9,3,1.4,1,0.463,0.379,0.881,16.1,0.249
8,Ben Wallace,39.4,6.9,15.4,1.6,1.4,3.2,0.481,0.167,0.45,10.6,0.176
9,Jason Kidd,37.4,18.7,6.3,8.9,2.2,0.3,0.414,0.341,0.841,11.3,0.182
10,Chris Webber,39.1,23,10.5,5.4,1.6,1.3,0.461,0.238,0.607,6.9,0.127
11,Jamal Mashburn,40.5,21.6,6.1,5.6,1,0.2,0.422,0.389,0.848,9,0.13
11,Steve Nash,33.1,17.7,2.9,7.3,1,0.1,0.465,0.413,0.909,11.6,0.206
11,Paul Pierce,39.2,25.9,7.3,4.4,1.8,0.8,0.416,0.302,0.802,10.1,0.157
1,Tim Duncan,40.6,25.5,12.7,3.7,0.7,2.5,0.508,0.1,0.799,17.8,0.257
2,Jason Kidd,37.3,14.7,7.3,9.9,2.1,0.2,0.391,0.321,0.814,8.9,0.14
3,Shaquille O'Neal,36.1,27.2,10.7,3,0.6,2,0.579,0,0.555,13.2,0.262
4,Tracy McGrady,38.3,25.6,7.9,5.3,1.6,1,0.451,0.364,0.748,11.5,0.189
5,Kobe Bryant,38.3,25.2,5.5,5.5,1.5,0.4,0.469,0.25,0.829,12.7,0.199
6,Gary Payton,40.3,22.1,4.8,9,1.6,0.3,0.467,0.314,0.797,12.6,0.183
7,Chris Webber,38.4,24.5,10.1,4.8,1.7,1.4,0.495,0.263,0.749,8.6,0.2
8,Dirk Nowitzki,38,23.4,9.9,2.4,1.1,1,0.477,0.397,0.853,13.4,0.222
9,Allen Iverson,43.7,31.4,4.5,5.5,2.8,0.2,0.398,0.291,0.812,6.9,0.126
10,Ben Wallace,36.5,7.6,13,1.4,1.7,3.5,0.531,0,0.423,11.6,0.19
1,Allen Iverson,42,31.1,3.8,4.6,2.5,0.3,0.42,0.32,0.814,11.8,0.19
2,Tim Duncan,38.7,22.2,12.2,3,0.9,2.3,0.499,0.259,0.618,13.2,0.2
3,Shaquille O'Neal,39.5,28.7,12.7,3.7,0.6,2.8,0.572,0,0.513,14.9,0.245
4,Chris Webber,40.5,27.1,11.1,4.2,1.3,1.7,0.481,0.071,0.703,11,0.186
5,Kevin Garnett,39.5,22,11.4,5,1.4,1.8,0.477,0.288,0.764,11.8,0.176
6,Tracy McGrady,40.1,26.8,7.5,4.6,1.5,1.5,0.457,0.355,0.733,12.2,0.189
7,Karl Malone,35.7,23.2,8.3,4.5,1.1,0.8,0.498,0.4,0.793,13.1,0.217
8,Jason Kidd,39.8,16.9,6.4,9.8,2.2,0.3,0.411,0.297,0.814,9.6,0.15
9,Kobe Bryant,40.9,28.5,5.9,5,1.7,0.6,0.464,0.305,0.853,11.3,0.196
10,David Robinson,29.6,14.4,8.6,1.5,1,2.5,0.486,0,0.747,12.1,0.246
1,Karl Malone,37.4,23.8,9.4,4.1,1.3,0.6,0.493,0,0.788,9.6,0.252
2,Alonzo Mourning,38.1,20.1,11,1.6,0.7,3.9,0.511,0,0.652,7.9,0.216
3,Tim Duncan,39.3,21.7,11.4,2.4,0.9,2.5,0.495,0.143,0.69,8.7,0.213
4,Allen Iverson,41.5,26.8,4.9,4.6,2.3,0.1,0.412,0.291,0.751,7.2,0.173
5,Jason Kidd,41.2,16.9,6.8,10.8,2.3,0.4,0.444,0.366,0.757,8.1,0.188
6,Shaquille O'Neal,34.8,26.3,10.7,2.3,0.7,1.7,0.576,0,0.54,9,0.255
7,Chris Webber,40.9,20,13,4.1,1.4,2.1,0.486,0.118,0.454,3.6,0.102
8,Grant Hill,37,21.1,7.1,6,1.6,0.5,0.479,0,0.752,7.3,0.189
9,Gary Payton,40.2,21.7,4.9,8.7,2.2,0.2,0.434,0.295,0.721,7.2,0.172
10,Kevin Garnett,37.9,20.8,10.4,4.3,1.7,1.8,0.46,0.286,0.704,5.4,0.146
11,Shawn Kemp,35.1,20.5,9.2,2.4,1.1,1.1,0.482,0.5,0.789,6.3,0.205
1,Michael Jordan,38.8,28.7,5.8,3.5,1.7,0.5,0.465,0.238,0.784,15.8,0.238
2,Karl Malone,37.4,27,10.3,3.9,1.2,0.9,0.53,0.333,0.761,16.4,0.259
3,Gary Payton,38.4,19.2,4.6,8.3,2.3,0.2,0.453,0.338,0.744,12.5,0.19
4,Shaquille O'Neal,36.3,28.3,11.4,2.4,0.7,2.4,0.584,,0.527,10.2,0.224
5,Tim Duncan,39.1,21.1,11.9,2.7,0.7,2.5,0.549,0,0.662,12.8,0.192
6,Tim Hardaway,37.4,18.9,3.7,8.3,1.7,0.2,0.431,0.351,0.781,11.7,0.185
7,David Robinson,33.7,21.6,10.6,2.7,0.9,2.6,0.511,0.25,0.735,13.8,0.269
8,Vin Baker,35.9,19.2,8,1.9,1.1,1,0.542,0.143,0.591,10.4,0.169
9,Grant Hill,40.7,21.1,7.7,6.8,1.8,0.7,0.452,0.143,0.74,10.2,0.149
10,Scottie Pippen,37.5,19.1,5.2,5.8,1.8,1,0.447,0.318,0.777,6.6,0.193
1,Michael Jordan,37.7,30.4,6.6,4.3,2.2,0.5,0.495,0.427,0.834,20.4,0.317
2,David Robinson,36.8,25,12.2,3,1.4,3.3,0.516,0.333,0.761,18.3,0.29
3,Anfernee Hardaway,36.8,21.7,4.3,7.1,2,0.5,0.513,0.314,0.767,14.4,0.229
4,Hakeem Olajuwon,38.8,26.9,10.9,3.6,1.6,2.9,0.514,0.214,0.724,9.7,0.166
5,Scottie Pippen,36.7,19.4,6.4,5.9,1.7,0.7,0.463,0.374,0.679,12.3,0.209
6,Gary Payton,39,19.3,4.2,7.5,2.9,0.2,0.484,0.328,0.748,11.5,0.174
7,Karl Malone,38,25.7,9.8,4.2,1.7,0.7,0.519,0.4,0.723,15.1,0.233
8,Shawn Kemp,33.3,19.6,11.4,2.2,1.2,1.6,0.561,0.417,0.742,11.2,0.205
9,Grant Hill,40.8,20.2,9.8,6.9,1.3,0.6,0.462,0.192,0.751,11.7,0.172
9,Shaquille O'Neal,36,26.6,11,2.9,0.6,2.1,0.573,0.5,0.487,6.9,0.171
1,David Robinson,38,27.6,10.8,2.9,1.7,3.2,0.53,0.3,0.774,17.5,0.273
2,Shaquille O'Neal,37,29.3,11.4,2.7,0.9,2.4,0.583,0,0.533,14,0.23
3,Karl Malone,38.1,26.7,10.6,3.5,1.6,1,0.536,0.268,0.742,13.8,0.212
4,Patrick Ewing,37,23.9,11,2.7,0.9,2,0.503,0.286,0.75,9.6,0.157
5,Hakeem Olajuwon,39.6,27.8,10.8,3.5,1.8,3.4,0.517,0.188,0.756,10.7,0.181
6,Charles Barkley,35,23,11.1,4.1,1.6,0.7,0.486,0.338,0.748,10.6,0.214
7,Scottie Pippen,38.2,21.4,8.1,5.2,2.9,1.1,0.48,0.345,0.716,11.8,0.188
8,John Stockton,35,14.7,3.1,12.3,2.4,0.3,0.542,0.449,0.804,13.9,0.233
9,Gary Payton,36.8,20.6,3.4,7.1,2.5,0.2,0.509,0.302,0.716,11.7,0.187
10,Anfernee Hardaway,37.7,20.9,4.4,7.2,1.7,0.3,0.512,0.349,0.769,10.7,0.177
11,Michael Jordan,39.3,26.9,6.9,5.3,1.8,0.8,0.411,0.5,0.801,2.3,0.167
12,Dennis Rodman,32,7.1,16.8,2,0.6,0.5,0.571,0,0.676,5.8,0.178
1,Michael Jordan,38.8,30.1,6.4,6.1,2.3,0.9,0.519,0.27,0.832,17.7,0.274
2,Clyde Drexler,36.2,25,6.6,6.7,1.8,0.9,0.47,0.337,0.794,12.8,0.223
3,David Robinson,37.7,23.2,12.2,2.7,2.3,4.5,0.551,0.125,0.701,13.9,0.26
4,Karl Malone,37.7,28,11.2,3,1.3,0.6,0.526,0.176,0.778,15.1,0.237
5,Patrick Ewing,38.4,24,11.2,1.9,1.1,3,0.522,0.167,0.738,13,0.198
6,Chris Mullin,41.3,25.6,5.6,3.5,2.1,0.8,0.524,0.366,0.833,10.8,0.155
7,Mark Price,29.7,17.3,2.4,7.4,1.3,0.2,0.488,0.387,0.947,9.1,0.205
8,Tim Hardaway,41.1,23.4,3.8,10,2,0.2,0.461,0.338,0.766,9.2,0.132
9,Scottie Pippen,38.6,21,7.7,7,1.9,1.1,0.506,0.2,0.76,12.7,0.192
10,Dennis Rodman,40.3,9.8,18.7,2.3,0.8,0.9,0.539,0.317,0.6,12.6,0.183
11,Brad Daugherty,36.2,21.5,10.4,3.6,0.9,1.1,0.57,0,0.777,11.7,0.213
12,Charles Barkley,38.4,23.1,11.1,4.1,1.8,0.6,0.552,0.234,0.695,12.3,0.205
12,John Stockton,36.6,15.8,3.3,13.7,3,0.3,0.482,0.407,0.842,13.4,0.215
1,Hakeem Olajuwon,41,27.3,11.9,3.6,1.6,3.7,0.528,0.421,0.716,14.3,0.21
2,David Robinson,40.5,29.8,10.7,4.8,1.7,3.3,0.507,0.345,0.749,20,0.296
3,Scottie Pippen,38.3,22,8.7,5.6,2.9,0.8,0.491,0.32,0.66,11.2,0.194
4,Shaquille O'Neal,39.8,29.3,13.2,2.4,0.9,2.9,0.599,0,0.554,16.9,0.252
5,Patrick Ewing,37.6,24.5,11.2,2.3,1.1,2.7,0.496,0.286,0.765,13.1,0.211
6,Gary Payton,35.1,16.5,3.3,6,2.3,0.2,0.504,0.278,0.595,9.3,0.155
7,Shawn Kemp,32.9,18.1,10.8,2.6,1.8,2.1,0.538,0.25,0.741,11.7,0.216
7,Karl Malone,40.6,25.2,11.5,4,1.5,1.5,0.497,0.25,0.694,13.4,0.193
9,Mark Price,31.4,17.3,3,7.8,1.4,0.1,0.478,0.397,0.888,10,0.201
10,Charles Barkley,35.4,21.6,11.2,4.6,1.6,0.6,0.495,0.27,0.704,8.8,0.185
1,Charles Barkley,37.6,25.6,12.2,5.1,1.6,1,0.52,0.305,0.765,14.4,0.242
2,Hakeem Olajuwon,39.5,26.1,13,3.5,1.8,4.2,0.529,0,0.779,15.8,0.234
3,Michael Jordan,39.3,32.6,6.7,5.5,2.8,0.8,0.495,0.352,0.837,17.2,0.27
4,Patrick Ewing,37.1,24.2,12.1,1.9,0.9,2,0.503,0.143,0.719,10.6,0.17
5,Dominique Wilkins,37.3,29.9,6.8,3.2,1,0.4,0.468,0.38,0.828,10.5,0.191
6,David Robinson,39.2,23.4,11.7,3.7,1.5,3.2,0.501,0.176,0.732,13.2,0.197
7,Shaquille O'Neal,37.9,23.4,13.9,1.9,0.7,3.5,0.562,0,0.592,10.4,0.163
8,Karl Malone,37.8,27,11.2,3.8,1.5,1,0.552,0.2,0.74,15.4,0.238
8,Mark Price,31.7,18.2,2.7,8,1.2,0.1,0.484,0.416,0.948,9.8,0.197
10,Brad Daugherty,37.9,20.2,10.2,4.4,0.7,0.8,0.571,0.5,0.795,12.7,0.226
10,Clyde Drexler,34.1,19.9,6.3,5.7,1.9,0.8,0.429,0.233,0.839,6,0.171
10,Joe Dumars,40.2,23.5,1.9,4,1,0.1,0.466,0.375,0.864,9.1,0.141
10,Shawn Kemp,33.1,17.8,10.7,2,1.5,1.9,0.492,0,0.712,9.1,0.169
10,John Stockton,34.9,15.1,2.9,12,2.4,0.3,0.486,0.385,0.798,10.6,0.177
1,Michael Jordan,38.8,30.1,6.4,6.1,2.3,0.9,0.519,0.27,0.832,17.7,0.274
2,Clyde Drexler,36.2,25,6.6,6.7,1.8,0.9,0.47,0.337,0.794,12.8,0.223
3,David Robinson,37.7,23.2,12.2,2.7,2.3,4.5,0.551,0.125,0.701,13.9,0.26
4,Karl Malone,37.7,28,11.2,3,1.3,0.6,0.526,0.176,0.778,15.1,0.237
5,Patrick Ewing,38.4,24,11.2,1.9,1.1,3,0.522,0.167,0.738,13,0.198
6,Chris Mullin,41.3,25.6,5.6,3.5,2.1,0.8,0.524,0.366,0.833,10.8,0.155
7,Mark Price,29.7,17.3,2.4,7.4,1.3,0.2,0.488,0.387,0.947,9.1,0.205
8,Tim Hardaway,41.1,23.4,3.8,10,2,0.2,0.461,0.338,0.766,9.2,0.132
9,Scottie Pippen,38.6,21,7.7,7,1.9,1.1,0.506,0.2,0.76,12.7,0.192
10,Dennis Rodman,40.3,9.8,18.7,2.3,0.8,0.9,0.539,0.317,0.6,12.6,0.183
11,Brad Daugherty,36.2,21.5,10.4,3.6,0.9,1.1,0.57,0,0.777,11.7,0.213
12,Charles Barkley,38.4,23.1,11.1,4.1,1.8,0.6,0.552,0.234,0.695,12.3,0.205
12,John Stockton,36.6,15.8,3.3,13.7,3,0.3,0.482,0.407,0.842,13.4,0.215
14,Larry Bird,36.9,20.2,9.6,6.8,0.9,0.7,0.466,0.406,0.926,5.5,0.159
15,Kevin Johnson,37.2,19.7,3.7,10.7,1.5,0.3,0.479,0.217,0.807,10,0.165
16,Danny Manning,35.4,19.3,6.9,3.5,1.6,1.5,0.542,0,0.725,9.8,0.162
16,Detlef Schrempf,32.6,17.3,9.6,3.9,0.8,0.5,0.536,0.324,0.828,9.8,0.181
1,Michael Jordan,37,31.5,6,5.5,2.7,1,0.539,0.312,0.851,20.3,0.321
2,Magic Johnson,37.1,19.4,7,12.5,1.3,0.2,0.477,0.32,0.906,15.4,0.251
3,David Robinson,37.7,25.6,13,2.5,1.5,3.9,0.552,0.143,0.762,17,0.264
4,Charles Barkley,37.3,27.6,10.1,4.2,1.6,0.5,0.57,0.284,0.722,13.4,0.258
5,Karl Malone,40.3,29,11.8,3.3,1.1,1,0.527,0.286,0.77,15.5,0.225
6,Clyde Drexler,34.8,21.5,6.7,6,1.8,0.7,0.482,0.319,0.794,12.4,0.209
7,Kevin Johnson,36,22.2,3.5,10.1,2.1,0.1,0.516,0.205,0.843,12.7,0.22
8,Dominique Wilkins,38,25.9,9,3.3,1.5,0.8,0.47,0.341,0.829,11.4,0.177
9,Larry Bird,38,19.4,8.5,7.2,1.8,1,0.454,0.389,0.891,6.6,0.14
9,Terry Porter,32.9,17,3.5,8,2,0.1,0.515,0.415,0.823,13,0.235
11,Patrick Ewing,38.3,26.6,11.2,3,1,3.2,0.514,0,0.745,10,0.155